epoch_time,ankle_angle,goal_angle,servo_command,vibe_command_0,vibe_command_1,vibe_command_2,vibe_command_3,vibe_command_4,vibe_command_5,vibe_command_6,vibe_command_7
1748920757.023985,96.432570,90.888156,90.000000,120.000000,120.000000,120.000000,120.000000,250.000000,250.000000,250.000000,250.000000
1748920757.056277,96.825337,90.772352,90.000000,120.000000,120.000000,120.000000,120.000000,250.000000,250.000000,250.000000,250.000000
1748920757.088325,94.833731,90.665494,90.000000,120.000000,120.000000,120.000000,120.000000,250.000000,250.000000,250.000000,250.000000
1748920757.124006,96.095731,90.555598,90.000000,120.000000,120.000000,120.000000,120.000000,250.000000,250.000000,250.000000,250.000000
1748920757.156225,96.110731,90.464819,90.000000,0.000000,0.000000,0.000000,0.000000,0.000000,0.000000,0.000000,0.000000
1748920757.189044,97.676245,90.380581,90.000000,0.000000,0.000000,0.000000,0.000000,0.000000,0.000000,0.000000,0.000000
1748920757.226312,97.308192,90.295038,90.000000,0.000000,0.000000,0.000000,0.000000,0.000000,0.000000,0.000000,0.000000
1748920757.255782,97.759959,90.235044,90.000000,120.000000,120.000000,120.000000,120.000000,250.000000,250.000000,250.000000,250.000000
1748920757.288558,96.325969,90.176288,90.000000,120.000000,120.000000,120.000000,120.000000,250.000000,250.000000,250.000000,250.000000
1748920757.325865,96.307867,90.119629,90.000000,120.000000,120.000000,120.000000,120.000000,250.000000,250.000000,250.000000,250.000000
1748920757.357479,96.517041,90.080165,90.000000,120.000000,120.000000,120.000000,120.000000,250.000000,250.000000,250.000000,250.000000
1748920757.388438,95.072957,90.049136,90.000000,0.000000,0.000000,0.000000,0.000000,0.000000,0.000000,0.000000,0.000000
1748920757.426958,93.798011,90.021073,90.000000,0.000000,0.000000,0.000000,0.000000,0.000000,0.000000,0.000000,0.000000
1748920757.457515,94.027267,90.007137,90.000000,0.000000,0.000000,0.000000,0.000000,0.000000,0.000000,0.000000,0.000000
1748920762.006026,116.676161,129.043929,90.000000,120.000000,120.000000,120.000000,120.000000,250.000000,250.000000,250.000000,250.000000
1748920762.048645,118.571584,129.200968,90.000000,120.000000,120.000000,120.000000,120.000000,250.000000,250.000000,250.000000,250.000000
1748920762.092725,119.975660,129.348576,90.000000,120.000000,120.000000,120.000000,120.000000,250.000000,250.000000,250.000000,250.000000
1748920762.134472,118.454689,129.474759,90.000000,120.000000,120.000000,120.000000,120.000000,250.000000,250.000000,250.000000,250.000000
1748920762.162232,119.071731,129.551228,90.000000,0.000000,0.000000,0.000000,0.000000,0.000000,0.000000,0.000000,0.000000
1748920762.185599,120.890164,129.610969,90.000000,0.000000,0.000000,0.000000,0.000000,0.000000,0.000000,0.000000,0.000000
1748920762.211454,118.600275,129.672157,90.000000,0.000000,0.000000,0.000000,0.000000,0.000000,0.000000,0.000000,0.000000
1748920762.238004,122.268248,129.729580,90.000000,120.000000,120.000000,120.000000,120.000000,250.000000,250.000000,250.000000,250.000000
1748920762.264603,123.575449,129.781602,90.000000,120.000000,120.000000,120.000000,120.000000,250.000000,250.000000,250.000000,250.000000
1748920762.292419,121.281336,129.830086,90.000000,120.000000,120.000000,120.000000,120.000000,250.000000,250.000000,250.000000,250.000000
1748920762.316331,122.329943,129.866939,90.000000,120.000000,120.000000,120.000000,120.000000,250.000000,250.000000,250.000000,250.000000
1748920762.342287,121.679851,129.901857,90.000000,0.000000,0.000000,0.000000,0.000000,0.000000,0.000000,0.000000,0.000000
1748920762.368283,123.423713,129.931521,90.000000,0.000000,0.000000,0.000000,0.000000,0.000000,0.000000,0.000000,0.000000
1748920762.395135,120.308666,129.956584,90.000000,0.000000,0.000000,0.000000,0.000000,0.000000,0.000000,0.000000,0.000000
1748920767.025469,99.806328,90.882641,90.000000,120.000000,120.000000,120.000000,120.000000,250.000000,250.000000,250.000000,250.000000
1748920767.056177,99.645006,90.772743,90.000000,120.000000,120.000000,120.000000,120.000000,250.000000,250.000000,250.000000,250.000000
1748920767.087784,99.133835,90.667157,90.000000,120.000000,120.000000,120.000000,120.000000,250.000000,250.000000,250.000000,250.000000
1748920767.124495,98.458667,90.554152,90.000000,120.000000,120.000000,120.000000,120.000000,250.000000,250.000000,250.000000,250.000000
1748920767.157941,97.965801,90.460209,90.000000,0.000000,0.000000,0.000000,0.000000,0.000000,0.000000,0.000000,0.000000
1748920767.187415,98.219076,90.384563,90.000000,0.000000,0.000000,0.000000,0.000000,0.000000,0.000000,0.000000,0.000000
1748920767.223271,98.678790,90.301609,90.000000,0.000000,0.000000,0.000000,0.000000,0.000000,0.000000,0.000000,0.000000
1748920767.254294,98.620801,90.237907,90.000000,120.000000,120.000000,120.000000,120.000000,250.000000,250.000000,250.000000,250.000000
1748920767.287496,97.812166,90.178049,90.000000,120.000000,120.000000,120.000000,120.000000,250.000000,250.000000,250.000000,250.000000
1748920767.322366,98.100914,90.124471,90.000000,120.000000,120.000000,120.000000,120.000000,250.000000,250.000000,250.000000,250.000000
1748920767.354474,97.173583,90.083574,90.000000,120.000000,120.000000,120.000000,120.000000,250.000000,250.000000,250.000000,250.000000
1748920767.385450,98.166259,90.051805,90.000000,0.000000,0.000000,0.000000,0.000000,0.000000,0.000000,0.000000,0.000000
1748920767.424002,98.003326,90.022812,90.000000,0.000000,0.000000,0.000000,0.000000,0.000000,0.000000,0.000000,0.000000
1748920767.456938,98.211907,90.007329,90.000000,0.000000,0.000000,0.000000,0.000000,0.000000,0.000000,0.000000,0.000000
1748920772.021260,108.176946,129.101785,90.000000,120.000000,120.000000,120.000000,120.000000,250.000000,250.000000,250.000000,250.000000
1748920772.052237,108.782109,129.213609,90.000000,120.000000,120.000000,120.000000,120.000000,250.000000,250.000000,250.000000,250.000000
1748920772.084468,109.839664,129.322138,90.000000,120.000000,120.000000,120.000000,120.000000,250.000000,250.000000,250.000000,250.000000
1748920772.120242,110.141523,129.433293,90.000000,120.000000,120.000000,120.000000,120.000000,250.000000,250.000000,250.000000,250.000000
1748920772.152772,109.693612,129.525842,90.000000,0.000000,0.000000,0.000000,0.000000,0.000000,0.000000,0.000000,0.000000
1748920772.185536,110.937746,129.610830,90.000000,0.000000,0.000000,0.000000,0.000000,0.000000,0.000000,0.000000,0.000000
1748920772.219396,110.757861,129.689916,90.000000,0.000000,0.000000,0.000000,0.000000,0.000000,0.000000,0.000000,0.000000
1748920772.249358,110.475816,129.752470,90.000000,120.000000,120.000000,120.000000,120.000000,250.000000,250.000000,250.000000,250.000000
1748920772.283844,110.072916,129.815796,90.000000,120.000000,120.000000,120.000000,120.000000,250.000000,250.000000,250.000000,250.000000
1748920772.321699,110.766069,129.874597,90.000000,120.000000,120.000000,120.000000,120.000000,250.000000,250.000000,250.000000,250.000000
1748920772.352943,109.879173,129.914663,90.000000,120.000000,120.000000,120.000000,120.000000,250.000000,250.000000,250.000000,250.000000
1748920772.384495,109.740778,129.947334,90.000000,0.000000,0.000000,0.000000,0.000000,0.000000,0.000000,0.000000,0.000000
1748920772.420247,112.070892,129.974882,90.000000,0.000000,0.000000,0.000000,0.000000,0.000000,0.000000,0.000000,0.000000
1748920772.454102,110.179283,129.991675,90.000000,0.000000,0.000000,0.000000,0.000000,0.000000,0.000000,0.000000,0.000000
1748920777.013422,96.287403,90.927645,90.000000,120.000000,120.000000,120.000000,120.000000,250.000000,250.000000,250.000000,250.000000
1748920777.040427,96.547122,90.828111,90.000000,120.000000,120.000000,120.000000,120.000000,250.000000,250.000000,250.000000,250.000000
1748920777.066055,96.677264,90.738888,90.000000,120.000000,120.000000,120.000000,120.000000,250.000000,250.000000,250.000000,250.000000
1748920777.091943,96.555225,90.653833,90.000000,120.000000,120.000000,120.000000,120.000000,250.000000,250.000000,250.000000,250.000000
1748920777.122604,96.363497,90.559717,90.000000,0.000000,0.000000,0.000000,0.000000,0.000000,0.000000,0.000000,0.000000
1748920777.154207,96.806879,90.470284,90.000000,0.000000,0.000000,0.000000,0.000000,0.000000,0.000000,0.000000,0.000000
1748920777.185324,96.501976,90.389696,90.000000,0.000000,0.000000,0.000000,0.000000,0.000000,0.000000,0.000000,0.000000
1748920777.222586,96.508818,90.303099,90.000000,120.000000,120.000000,120.000000,120.000000,250.000000,250.000000,250.000000,250.000000
1748920777.254640,96.879158,90.237249,90.000000,120.000000,120.000000,120.000000,120.000000,250.000000,250.000000,250.000000,250.000000
1748920777.285767,96.391382,90.180953,90.000000,120.000000,120.000000,120.000000,120.000000,250.000000,250.000000,250.000000,250.000000
1748920777.322210,96.067110,90.124691,90.000000,120.000000,120.000000,120.000000,120.000000,250.000000,250.000000,250.000000,250.000000
1748920777.355170,96.133892,90.082789,90.000000,0.000000,0.000000,0.000000,0.000000,0.000000,0.000000,0.000000,0.000000
1748920777.386242,95.840158,90.051093,90.000000,0.000000,0.000000,0.000000,0.000000,0.000000,0.000000,0.000000,0.000000
1748920777.422863,95.959316,90.023499,90.000000,0.000000,0.000000,0.000000,0.000000,0.000000,0.000000,0.000000,0.000000
1748920782.012465,101.803791,129.068625,90.000000,120.000000,120.000000,120.000000,120.000000,250.000000,250.000000,250.000000,250.000000
1748920782.047761,101.600163,129.197890,90.000000,120.000000,120.000000,120.000000,120.000000,250.000000,250.000000,250.000000,250.000000
1748920782.076882,102.085839,129.297303,90.000000,120.000000,120.000000,120.000000,120.000000,250.000000,250.000000,250.000000,250.000000
1748920782.097995,101.450862,129.365330,90.000000,120.000000,120.000000,120.000000,120.000000,250.000000,250.000000,250.000000,250.000000
1748920782.118905,100.949019,129.429334,90.000000,0.000000,0.000000,0.000000,0.000000,0.000000,0.000000,0.000000,0.000000
1748920782.144828,101.041405,129.504018,90.000000,0.000000,0.000000,0.000000,0.000000,0.000000,0.000000,0.000000,0.000000
1748920782.172377,97.970629,129.577702,90.000000,0.000000,0.000000,0.000000,0.000000,0.000000,0.000000,0.000000,0.000000
1748920782.203687,97.867983,129.654264,90.000000,120.000000,120.000000,120.000000,120.000000,250.000000,250.000000,250.000000,250.000000
1748920782.249034,97.855895,129.751783,90.000000,120.000000,120.000000,120.000000,120.000000,250.000000,250.000000,250.000000,250.000000
1748920782.294403,97.240110,129.833227,90.000000,120.000000,120.000000,120.000000,120.000000,250.000000,250.000000,250.000000,250.000000
1748920782.347764,97.896891,129.908517,90.000000,120.000000,120.000000,120.000000,120.000000,250.000000,250.000000,250.000000,250.000000
1748920782.394234,97.283937,129.955809,90.000000,0.000000,0.000000,0.000000,0.000000,0.000000,0.000000,0.000000,0.000000
1748920782.441863,96.367842,129.986637,90.000000,0.000000,0.000000,0.000000,0.000000,0.000000,0.000000,0.000000,0.000000
1748920782.487048,96.476619,129.999334,90.000000,0.000000,0.000000,0.000000,0.000000,0.000000,0.000000,0.000000,0.000000
1748920787.025254,90.980904,90.883538,90.000000,120.000000,120.000000,120.000000,120.000000,250.000000,250.000000,250.000000,250.000000
1748920787.059277,91.643779,90.762014,90.000000,120.000000,120.000000,120.000000,120.000000,250.000000,250.000000,250.000000,250.000000
1748920787.089408,91.400045,90.661944,90.000000,120.000000,120.000000,120.000000,120.000000,250.000000,250.000000,250.000000,250.000000
1748920787.126942,89.321385,90.546986,90.000000,120.000000,120.000000,120.000000,120.000000,250.000000,250.000000,250.000000,250.000000
1748920787.157547,89.140332,90.461261,90.000000,0.000000,0.000000,0.000000,0.000000,0.000000,0.000000,0.000000,0.000000
1748920787.190374,89.163492,90.377354,90.000000,0.000000,0.000000,0.000000,0.000000,0.000000,0.000000,0.000000,0.000000
1748920787.226304,88.487992,90.295054,90.000000,0.000000,0.000000,0.000000,0.000000,0.000000,0.000000,0.000000,0.000000
1748920787.257271,87.529473,90.232188,90.000000,120.000000,120.000000,120.000000,120.000000,250.000000,250.000000,250.000000,250.000000
1748920787.287957,88.546774,90.177293,90.000000,120.000000,120.000000,120.000000,120.000000,250.000000,250.000000,250.000000,250.000000
1748920787.324060,88.563279,90.122123,90.000000,120.000000,120.000000,120.000000,120.000000,250.000000,250.000000,250.000000,250.000000
1748920787.362505,88.328972,90.074616,90.000000,120.000000,120.000000,120.000000,120.000000,250.000000,250.000000,250.000000,250.000000
1748920787.410302,89.052541,90.031768,90.000000,0.000000,0.000000,0.000000,0.000000,0.000000,0.000000,0.000000,0.000000
1748920787.431729,88.622547,90.018418,90.000000,0.000000,0.000000,0.000000,0.000000,0.000000,0.000000,0.000000,0.000000
1748920787.453059,88.317457,90.008704,90.000000,0.000000,0.000000,0.000000,0.000000,0.000000,0.000000,0.000000,0.000000
1748920792.015364,99.406268,129.079744,90.000000,120.000000,120.000000,120.000000,120.000000,250.000000,250.000000,250.000000,250.000000
1748920792.047052,99.589017,129.195460,90.000000,120.000000,120.000000,120.000000,120.000000,250.000000,250.000000,250.000000,250.000000
1748920792.080149,99.936458,129.308051,90.000000,120.000000,120.000000,120.000000,120.000000,250.000000,250.000000,250.000000,250.000000
1748920792.121904,99.298178,129.438210,90.000000,120.000000,120.000000,120.000000,120.000000,250.000000,250.000000,250.000000,250.000000
1748920792.155012,98.638240,129.531927,90.000000,0.000000,0.000000,0.000000,0.000000,0.000000,0.000000,0.000000,0.000000
1748920792.185655,99.136457,129.611121,90.000000,0.000000,0.000000,0.000000,0.000000,0.000000,0.000000,0.000000,0.000000
1748920792.221072,99.701308,129.693594,90.000000,0.000000,0.000000,0.000000,0.000000,0.000000,0.000000,0.000000,0.000000
1748920792.252993,99.655034,129.759576,90.000000,120.000000,120.000000,120.000000,120.000000,250.000000,250.000000,250.000000,250.000000
1748920792.285064,99.866894,129.817862,90.000000,120.000000,120.000000,120.000000,120.000000,250.000000,250.000000,250.000000,250.000000
1748920792.321592,99.329571,129.874430,90.000000,120.000000,120.000000,120.000000,120.000000,250.000000,250.000000,250.000000,250.000000
1748920792.350324,100.045880,129.911604,90.000000,120.000000,120.000000,120.000000,120.000000,250.000000,250.000000,250.000000,250.000000
1748920792.380428,100.413190,129.943568,90.000000,0.000000,0.000000,0.000000,0.000000,0.000000,0.000000,0.000000,0.000000
1748920792.419306,100.313222,129.974287,90.000000,0.000000,0.000000,0.000000,0.000000,0.000000,0.000000,0.000000,0.000000
1748920792.451430,101.696975,129.990680,90.000000,0.000000,0.000000,0.000000,0.000000,0.000000,0.000000,0.000000,0.000000
1748920797.007040,111.001732,90.952351,90.000000,120.000000,120.000000,120.000000,120.000000,250.000000,250.000000,250.000000,250.000000
1748920797.051782,111.077724,90.787991,90.000000,120.000000,120.000000,120.000000,120.000000,250.000000,250.000000,250.000000,250.000000
1748920797.076517,109.876386,90.703883,90.000000,120.000000,120.000000,120.000000,120.000000,250.000000,250.000000,250.000000,250.000000
1748920797.098069,108.746765,90.634431,90.000000,120.000000,120.000000,120.000000,120.000000,250.000000,250.000000,250.000000,250.000000
1748920797.122991,107.458110,90.558555,90.000000,0.000000,0.000000,0.000000,0.000000,0.000000,0.000000,0.000000,0.000000
1748920797.150268,105.187058,90.480977,90.000000,0.000000,0.000000,0.000000,0.000000,0.000000,0.000000,0.000000,0.000000
1748920797.179556,103.120407,90.404051,90.000000,0.000000,0.000000,0.000000,0.000000,0.000000,0.000000,0.000000,0.000000
1748920797.222508,102.084705,90.303270,90.000000,120.000000,120.000000,120.000000,120.000000,250.000000,250.000000,250.000000,250.000000
1748920797.259301,101.889815,90.228377,90.000000,120.000000,120.000000,120.000000,120.000000,250.000000,250.000000,250.000000,250.000000
1748920797.293589,101.035159,90.168012,90.000000,120.000000,120.000000,120.000000,120.000000,250.000000,250.000000,250.000000,250.000000
1748920797.328420,101.106215,90.116155,90.000000,120.000000,120.000000,120.000000,120.000000,250.000000,250.000000,250.000000,250.000000
1748920797.361676,100.909617,90.075520,90.000000,0.000000,0.000000,0.000000,0.000000,0.000000,0.000000,0.000000,0.000000
1748920797.393677,100.108864,90.044636,90.000000,0.000000,0.000000,0.000000,0.000000,0.000000,0.000000,0.000000,0.000000
1748920797.432426,100.478617,90.018044,90.000000,0.000000,0.000000,0.000000,0.000000,0.000000,0.000000,0.000000,0.000000
1748920802.030057,121.375266,129.134166,90.000000,120.000000,120.000000,120.000000,120.000000,250.000000,250.000000,250.000000,250.000000
1748920802.060825,122.317387,129.243287,90.000000,120.000000,120.000000,120.000000,120.000000,250.000000,250.000000,250.000000,250.000000
1748920802.091129,122.717644,129.343550,90.000000,120.000000,120.000000,120.000000,120.000000,250.000000,250.000000,250.000000,250.000000
1748920802.126504,122.501358,129.451724,90.000000,120.000000,120.000000,120.000000,120.000000,250.000000,250.000000,250.000000,250.000000
1748920802.158525,121.485248,129.541355,90.000000,0.000000,0.000000,0.000000,0.000000,0.000000,0.000000,0.000000,0.000000
1748920802.190312,121.546049,129.622446,90.000000,0.000000,0.000000,0.000000,0.000000,0.000000,0.000000,0.000000,0.000000
1748920802.227863,122.565425,129.708283,90.000000,0.000000,0.000000,0.000000,0.000000,0.000000,0.000000,0.000000,0.000000
1748920802.259027,121.611725,129.771145,90.000000,120.000000,120.000000,120.000000,120.000000,250.000000,250.000000,250.000000,250.000000
1748920802.290907,120.255585,129.827606,90.000000,120.000000,120.000000,120.000000,120.000000,250.000000,250.000000,250.000000,250.000000
1748920802.327569,120.685566,129.882694,90.000000,120.000000,120.000000,120.000000,120.000000,250.000000,250.000000,250.000000,250.000000
1748920802.362509,121.213909,129.925388,90.000000,120.000000,120.000000,120.000000,120.000000,250.000000,250.000000,250.000000,250.000000
1748920802.394125,118.907793,129.955740,90.000000,0.000000,0.000000,0.000000,0.000000,0.000000,0.000000,0.000000,0.000000
1748920802.424595,117.903247,129.977546,90.000000,0.000000,0.000000,0.000000,0.000000,0.000000,0.000000,0.000000,0.000000
1748920802.450446,118.120930,129.990298,90.000000,0.000000,0.000000,0.000000,0.000000,0.000000,0.000000,0.000000,0.000000
1748920807.029370,116.334409,90.868462,90.000000,120.000000,120.000000,120.000000,120.000000,250.000000,250.000000,250.000000,250.000000
1748920807.061359,114.979119,90.754884,90.000000,120.000000,120.000000,120.000000,120.000000,250.000000,250.000000,250.000000,250.000000
1748920807.092791,114.848455,90.651152,90.000000,120.000000,120.000000,120.000000,120.000000,250.000000,250.000000,250.000000,250.000000
1748920807.126883,114.357627,90.547168,90.000000,120.000000,120.000000,120.000000,120.000000,250.000000,250.000000,250.000000,250.000000
1748920807.159391,114.233607,90.456339,90.000000,0.000000,0.000000,0.000000,0.000000,0.000000,0.000000,0.000000,0.000000
1748920807.191565,111.544613,90.374455,90.000000,0.000000,0.000000,0.000000,0.000000,0.000000,0.000000,0.000000,0.000000
1748920807.228538,111.187796,90.290278,90.000000,0.000000,0.000000,0.000000,0.000000,0.000000,0.000000,0.000000,0.000000
1748920807.259984,111.288949,90.227045,90.000000,120.000000,120.000000,120.000000,120.000000,250.000000,250.000000,250.000000,250.000000
1748920807.292533,111.177515,90.169728,90.000000,120.000000,120.000000,120.000000,120.000000,250.000000,250.000000,250.000000,250.000000
1748920807.329165,109.865673,90.115203,90.000000,120.000000,120.000000,120.000000,120.000000,250.000000,250.000000,250.000000,250.000000
1748920807.359559,109.395017,90.077848,90.000000,120.000000,120.000000,120.000000,120.000000,250.000000,250.000000,250.000000,250.000000
1748920807.393771,108.830109,90.044557,90.000000,0.000000,0.000000,0.000000,0.000000,0.000000,0.000000,0.000000,0.000000
1748920807.435358,108.313916,90.016508,90.000000,0.000000,0.000000,0.000000,0.000000,0.000000,0.000000,0.000000,0.000000
1748920807.465494,106.940870,90.004708,90.000000,0.000000,0.000000,0.000000,0.000000,0.000000,0.000000,0.000000,0.000000
1748920812.026215,97.414750,129.120031,90.000000,120.000000,120.000000,120.000000,120.000000,250.000000,250.000000,250.000000,250.000000
1748920812.057584,97.424996,129.232156,90.000000,120.000000,120.000000,120.000000,120.000000,250.000000,250.000000,250.000000,250.000000
1748920812.089527,97.067065,129.338434,90.000000,120.000000,120.000000,120.000000,120.000000,250.000000,250.000000,250.000000,250.000000
1748920812.126955,97.458093,129.453044,90.000000,120.000000,120.000000,120.000000,120.000000,250.000000,250.000000,250.000000,250.000000
1748920812.159499,97.467819,129.543962,90.000000,0.000000,0.000000,0.000000,0.000000,0.000000,0.000000,0.000000,0.000000
1748920812.191331,97.472317,129.624960,90.000000,0.000000,0.000000,0.000000,0.000000,0.000000,0.000000,0.000000,0.000000
1748920812.225888,97.469692,129.704067,90.000000,0.000000,0.000000,0.000000,0.000000,0.000000,0.000000,0.000000,0.000000
1748920812.248425,97.470996,129.750621,90.000000,120.000000,120.000000,120.000000,120.000000,250.000000,250.000000,250.000000,250.000000
1748920812.279926,98.131583,129.809068,90.000000,120.000000,120.000000,120.000000,120.000000,250.000000,250.000000,250.000000,250.000000
1748920812.313427,98.404468,129.862714,90.000000,120.000000,120.000000,120.000000,120.000000,250.000000,250.000000,250.000000,250.000000
1748920812.348983,97.994492,129.910015,90.000000,120.000000,120.000000,120.000000,120.000000,250.000000,250.000000,250.000000,250.000000
1748920812.382597,98.246220,129.945594,90.000000,0.000000,0.000000,0.000000,0.000000,0.000000,0.000000,0.000000,0.000000
1748920812.425283,98.266460,129.977949,90.000000,0.000000,0.000000,0.000000,0.000000,0.000000,0.000000,0.000000,0.000000
1748920812.457305,97.431138,129.992792,90.000000,0.000000,0.000000,0.000000,0.000000,0.000000,0.000000,0.000000,0.000000
1748920817.005055,108.067923,90.959658,90.000000,120.000000,120.000000,120.000000,120.000000,250.000000,250.000000,250.000000,250.000000
1748920817.038686,106.492246,90.834378,90.000000,120.000000,120.000000,120.000000,120.000000,250.000000,250.000000,250.000000,250.000000
1748920817.071684,106.327422,90.719997,90.000000,120.000000,120.000000,120.000000,120.000000,250.000000,250.000000,250.000000,250.000000
1748920817.102751,106.332605,90.619859,90.000000,120.000000,120.000000,120.000000,120.000000,250.000000,250.000000,250.000000,250.000000
1748920817.132612,106.244372,90.530574,90.000000,0.000000,0.000000,0.000000,0.000000,0.000000,0.000000,0.000000,0.000000
1748920817.164190,105.644515,90.443692,90.000000,0.000000,0.000000,0.000000,0.000000,0.000000,0.000000,0.000000,0.000000
1748920817.194533,105.181296,90.367344,90.000000,0.000000,0.000000,0.000000,0.000000,0.000000,0.000000,0.000000,0.000000
1748920817.224368,105.356642,90.299243,90.000000,120.000000,120.000000,120.000000,120.000000,250.000000,250.000000,250.000000,250.000000
1748920817.254319,104.684394,90.237877,90.000000,120.000000,120.000000,120.000000,120.000000,250.000000,250.000000,250.000000,250.000000
1748920817.285220,104.259471,90.181902,90.000000,120.000000,120.000000,120.000000,120.000000,250.000000,250.000000,250.000000,250.000000
1748920817.315108,104.786791,90.134848,90.000000,120.000000,120.000000,120.000000,120.000000,250.000000,250.000000,250.000000,250.000000
1748920817.344901,104.339559,90.094942,90.000000,0.000000,0.000000,0.000000,0.000000,0.000000,0.000000,0.000000,0.000000
1748920817.379437,104.160495,90.057384,90.000000,0.000000,0.000000,0.000000,0.000000,0.000000,0.000000,0.000000,0.000000
1748920817.413613,104.155526,90.029477,90.000000,0.000000,0.000000,0.000000,0.000000,0.000000,0.000000,0.000000,0.000000
1748920822.022812,89.742522,129.107536,90.000000,120.000000,120.000000,120.000000,120.000000,250.000000,250.000000,250.000000,250.000000
1748920822.054381,89.399459,129.221068,90.000000,120.000000,120.000000,120.000000,120.000000,250.000000,250.000000,250.000000,250.000000
1748920822.088094,89.047819,129.333802,90.000000,120.000000,120.000000,120.000000,120.000000,250.000000,250.000000,250.000000,250.000000
1748920822.126628,89.943673,129.452098,90.000000,120.000000,120.000000,120.000000,120.000000,250.000000,250.000000,250.000000,250.000000
1748920822.156293,90.484533,129.535371,90.000000,0.000000,0.000000,0.000000,0.000000,0.000000,0.000000,0.000000,0.000000
1748920822.187412,90.803597,129.615433,90.000000,0.000000,0.000000,0.000000,0.000000,0.000000,0.000000,0.000000,0.000000
1748920822.225384,90.137904,129.702974,90.000000,0.000000,0.000000,0.000000,0.000000,0.000000,0.000000,0.000000,0.000000
1748920822.255563,90.312093,129.764493,90.000000,120.000000,120.000000,120.000000,120.000000,250.000000,250.000000,250.000000,250.000000
1748920822.287636,90.497736,129.822183,90.000000,120.000000,120.000000,120.000000,120.000000,250.000000,250.000000,250.000000,250.000000
1748920822.322503,90.516632,129.875720,90.000000,120.000000,120.000000,120.000000,120.000000,250.000000,250.000000,250.000000,250.000000
1748920822.356004,90.495128,129.918169,90.000000,120.000000,120.000000,120.000000,120.000000,250.000000,250.000000,250.000000,250.000000
1748920822.387095,90.796450,129.949677,90.000000,0.000000,0.000000,0.000000,0.000000,0.000000,0.000000,0.000000,0.000000
1748920822.423274,90.504504,129.976750,90.000000,0.000000,0.000000,0.000000,0.000000,0.000000,0.000000,0.000000,0.000000
1748920822.478349,90.784375,129.998142,90.000000,0.000000,0.000000,0.000000,0.000000,0.000000,0.000000,0.000000,0.000000
1748920827.027350,105.789286,90.875719,90.000000,120.000000,120.000000,120.000000,120.000000,250.000000,250.000000,250.000000,250.000000
1748920827.056828,104.849274,90.770445,90.000000,120.000000,120.000000,120.000000,120.000000,250.000000,250.000000,250.000000,250.000000
1748920827.089645,104.672409,90.661181,90.000000,120.000000,120.000000,120.000000,120.000000,250.000000,250.000000,250.000000,250.000000
1748920827.120554,104.410794,90.565810,90.000000,120.000000,120.000000,120.000000,120.000000,250.000000,250.000000,250.000000,250.000000
1748920827.157316,103.578687,90.461917,90.000000,0.000000,0.000000,0.000000,0.000000,0.000000,0.000000,0.000000,0.000000
1748920827.189104,105.563180,90.380447,90.000000,0.000000,0.000000,0.000000,0.000000,0.000000,0.000000,0.000000,0.000000
1748920827.228497,104.594847,90.290348,90.000000,0.000000,0.000000,0.000000,0.000000,0.000000,0.000000,0.000000,0.000000
1748920827.252047,103.600896,90.242261,90.000000,120.000000,120.000000,120.000000,120.000000,250.000000,250.000000,250.000000,250.000000
1748920827.284352,101.818370,90.183342,90.000000,120.000000,120.000000,120.000000,120.000000,250.000000,250.000000,250.000000,250.000000
1748920827.316642,101.582782,90.132627,90.000000,120.000000,120.000000,120.000000,120.000000,250.000000,250.000000,250.000000,250.000000
1748920827.352730,101.811023,90.085592,90.000000,120.000000,120.000000,120.000000,120.000000,250.000000,250.000000,250.000000,250.000000
1748920827.384761,99.872927,90.052424,90.000000,0.000000,0.000000,0.000000,0.000000,0.000000,0.000000,0.000000,0.000000
1748920827.440089,98.793212,90.014178,90.000000,0.000000,0.000000,0.000000,0.000000,0.000000,0.000000,0.000000,0.000000
1748920827.463142,97.184193,90.005374,90.000000,0.000000,0.000000,0.000000,0.000000,0.000000,0.000000,0.000000,0.000000
1748920832.027987,99.685029,129.126636,90.000000,120.000000,120.000000,120.000000,120.000000,250.000000,250.000000,250.000000,250.000000
1748920832.058932,99.845999,129.236804,90.000000,120.000000,120.000000,120.000000,120.000000,250.000000,250.000000,250.000000,250.000000
1748920832.091424,101.178450,129.344502,90.000000,120.000000,120.000000,120.000000,120.000000,250.000000,250.000000,250.000000,250.000000
1748920832.124730,101.313813,129.446521,90.000000,120.000000,120.000000,120.000000,120.000000,250.000000,250.000000,250.000000,250.000000
1748920832.156351,101.948854,129.535526,90.000000,0.000000,0.000000,0.000000,0.000000,0.000000,0.000000,0.000000,0.000000
1748920832.187120,102.057137,129.614695,90.000000,0.000000,0.000000,0.000000,0.000000,0.000000,0.000000,0.000000,0.000000
1748920832.224561,103.610268,129.701169,90.000000,0.000000,0.000000,0.000000,0.000000,0.000000,0.000000,0.000000,0.000000
1748920832.255572,104.032437,129.764548,90.000000,120.000000,120.000000,120.000000,120.000000,250.000000,250.000000,250.000000,250.000000
1748920832.288112,103.962534,129.822973,90.000000,120.000000,120.000000,120.000000,120.000000,250.000000,250.000000,250.000000,250.000000
1748920832.323112,103.591363,129.876569,90.000000,120.000000,120.000000,120.000000,120.000000,250.000000,250.000000,250.000000,250.000000
1748920832.355860,103.462331,129.918007,90.000000,120.000000,120.000000,120.000000,120.000000,250.000000,250.000000,250.000000,250.000000
1748920832.388277,103.945756,129.950720,90.000000,0.000000,0.000000,0.000000,0.000000,0.000000,0.000000,0.000000,0.000000
1748920832.428892,104.180951,129.980026,90.000000,0.000000,0.000000,0.000000,0.000000,0.000000,0.000000,0.000000,0.000000
1748920832.457793,103.752951,129.992960,90.000000,0.000000,0.000000,0.000000,0.000000,0.000000,0.000000,0.000000,0.000000
1748920837.024594,135.502456,90.885869,90.000000,120.000000,120.000000,120.000000,120.000000,250.000000,250.000000,250.000000,250.000000
1748920837.056521,134.467277,90.771519,90.000000,120.000000,120.000000,120.000000,120.000000,250.000000,250.000000,250.000000,250.000000
1748920837.086953,132.231780,90.669834,90.000000,120.000000,120.000000,120.000000,120.000000,250.000000,250.000000,250.000000,250.000000
1748920837.127241,127.962463,90.546127,90.000000,120.000000,120.000000,120.000000,120.000000,250.000000,250.000000,250.000000,250.000000
1748920837.160093,126.340121,90.454462,90.000000,0.000000,0.000000,0.000000,0.000000,0.000000,0.000000,0.000000,0.000000
1748920837.190632,124.757491,90.376731,90.000000,0.000000,0.000000,0.000000,0.000000,0.000000,0.000000,0.000000,0.000000
1748920837.230074,123.591161,90.287008,90.000000,0.000000,0.000000,0.000000,0.000000,0.000000,0.000000,0.000000,0.000000
1748920837.259413,123.064862,90.228125,90.000000,120.000000,120.000000,120.000000,120.000000,250.000000,250.000000,250.000000,250.000000
1748920837.295743,121.934610,90.164534,90.000000,120.000000,120.000000,120.000000,120.000000,250.000000,250.000000,250.000000,250.000000
1748920837.329722,119.558204,90.114400,90.000000,120.000000,120.000000,120.000000,120.000000,250.000000,250.000000,250.000000,250.000000
1748920837.361094,119.011537,90.076164,90.000000,120.000000,120.000000,120.000000,120.000000,250.000000,250.000000,250.000000,250.000000
1748920837.390545,119.333295,90.047301,90.000000,0.000000,0.000000,0.000000,0.000000,0.000000,0.000000,0.000000,0.000000
1748920837.428361,118.210456,90.020273,90.000000,0.000000,0.000000,0.000000,0.000000,0.000000,0.000000,0.000000,0.000000
1748920837.457692,116.764798,90.007075,90.000000,0.000000,0.000000,0.000000,0.000000,0.000000,0.000000,0.000000,0.000000
1748920842.028659,102.806974,129.129063,90.000000,120.000000,120.000000,120.000000,120.000000,250.000000,250.000000,250.000000,250.000000
1748920842.059735,102.963332,129.239549,90.000000,120.000000,120.000000,120.000000,120.000000,250.000000,250.000000,250.000000,250.000000
1748920842.091568,102.496115,129.344952,90.000000,120.000000,120.000000,120.000000,120.000000,250.000000,250.000000,250.000000,250.000000
1748920842.126951,103.054819,129.453030,90.000000,120.000000,120.000000,120.000000,120.000000,250.000000,250.000000,250.000000,250.000000
1748920842.159133,104.600485,129.542976,90.000000,0.000000,0.000000,0.000000,0.000000,0.000000,0.000000,0.000000,0.000000
1748920842.190410,104.237850,129.622686,90.000000,0.000000,0.000000,0.000000,0.000000,0.000000,0.000000,0.000000,0.000000
1748920842.228563,103.862308,129.709780,90.000000,0.000000,0.000000,0.000000,0.000000,0.000000,0.000000,0.000000,0.000000
1748920842.261782,104.573660,129.776331,90.000000,120.000000,120.000000,120.000000,120.000000,250.000000,250.000000,250.000000,250.000000
1748920842.296116,104.750029,129.836074,90.000000,120.000000,120.000000,120.000000,120.000000,250.000000,250.000000,250.000000,250.000000
1748920842.328914,104.847134,129.884520,90.000000,120.000000,120.000000,120.000000,120.000000,250.000000,250.000000,250.000000,250.000000
1748920842.359202,104.966031,129.921753,90.000000,120.000000,120.000000,120.000000,120.000000,250.000000,250.000000,250.000000,250.000000
1748920842.391520,104.926348,129.953537,90.000000,0.000000,0.000000,0.000000,0.000000,0.000000,0.000000,0.000000,0.000000
1748920842.428214,104.817905,129.979642,90.000000,0.000000,0.000000,0.000000,0.000000,0.000000,0.000000,0.000000,0.000000
1748920842.459522,104.816371,129.993523,90.000000,0.000000,0.000000,0.000000,0.000000,0.000000,0.000000,0.000000,0.000000
1748920846.995681,88.754598,90.996018,90.000000,120.000000,120.000000,120.000000,120.000000,250.000000,250.000000,250.000000,250.000000
1748920847.023667,90.460882,90.889143,90.000000,120.000000,120.000000,120.000000,120.000000,250.000000,250.000000,250.000000,250.000000
1748920847.044109,90.199108,90.814967,90.000000,120.000000,120.000000,120.000000,120.000000,250.000000,250.000000,250.000000,250.000000
1748920847.068474,89.940750,90.730713,90.000000,120.000000,120.000000,120.000000,120.000000,250.000000,250.000000,250.000000,250.000000
1748920847.121703,91.002921,90.562434,90.000000,0.000000,0.000000,0.000000,0.000000,0.000000,0.000000,0.000000,0.000000
1748920847.171575,91.552454,90.424444,90.000000,0.000000,0.000000,0.000000,0.000000,0.000000,0.000000,0.000000,0.000000
1748920847.216665,91.204866,90.316193,90.000000,0.000000,0.000000,0.000000,0.000000,0.000000,0.000000,0.000000,0.000000
1748920847.265399,91.297733,90.216991,90.000000,120.000000,120.000000,120.000000,120.000000,250.000000,250.000000,250.000000,250.000000
1748920847.292867,92.278551,90.169177,90.000000,120.000000,120.000000,120.000000,120.000000,250.000000,250.000000,250.000000,250.000000
1748920847.315710,92.569143,90.133955,90.000000,120.000000,120.000000,120.000000,120.000000,250.000000,250.000000,250.000000,250.000000
1748920847.336477,93.126881,90.105504,90.000000,120.000000,120.000000,120.000000,120.000000,250.000000,250.000000,250.000000,250.000000
1748920847.361403,92.903940,90.075804,90.000000,0.000000,0.000000,0.000000,0.000000,0.000000,0.000000,0.000000,0.000000
1748920847.388928,93.621331,90.048719,90.000000,0.000000,0.000000,0.000000,0.000000,0.000000,0.000000,0.000000,0.000000
1748920847.420323,94.290758,90.025074,90.000000,0.000000,0.000000,0.000000,0.000000,0.000000,0.000000,0.000000,0.000000
1748920852.028791,128.330902,129.129551,90.000000,120.000000,120.000000,120.000000,120.000000,250.000000,250.000000,250.000000,250.000000
1748920852.060448,128.120985,129.242000,90.000000,120.000000,120.000000,120.000000,120.000000,250.000000,250.000000,250.000000,250.000000
1748920852.091199,128.826033,129.343764,90.000000,120.000000,120.000000,120.000000,120.000000,250.000000,250.000000,250.000000,250.000000
1748920852.122822,128.524090,129.440911,90.000000,120.000000,120.000000,120.000000,120.000000,250.000000,250.000000,250.000000,250.000000
1748920852.159523,128.640063,129.544017,90.000000,0.000000,0.000000,0.000000,0.000000,0.000000,0.000000,0.000000,0.000000
1748920852.190675,128.908339,129.623374,90.000000,0.000000,0.000000,0.000000,0.000000,0.000000,0.000000,0.000000,0.000000
1748920852.227121,128.197884,129.706696,90.000000,0.000000,0.000000,0.000000,0.000000,0.000000,0.000000,0.000000,0.000000
1748920852.258292,127.901378,129.769748,90.000000,120.000000,120.000000,120.000000,120.000000,250.000000,250.000000,250.000000,250.000000
1748920852.291178,128.075396,129.828035,90.000000,120.000000,120.000000,120.000000,120.000000,250.000000,250.000000,250.000000,250.000000
1748920852.329366,127.790944,129.885111,90.000000,120.000000,120.000000,120.000000,120.000000,250.000000,250.000000,250.000000,250.000000
1748920852.359755,127.744750,129.922365,90.000000,120.000000,120.000000,120.000000,120.000000,250.000000,250.000000,250.000000,250.000000
1748920852.392521,127.370973,129.954374,90.000000,0.000000,0.000000,0.000000,0.000000,0.000000,0.000000,0.000000,0.000000
1748920852.431003,127.526721,129.981189,90.000000,0.000000,0.000000,0.000000,0.000000,0.000000,0.000000,0.000000,0.000000
1748920852.461497,128.265069,129.994139,90.000000,0.000000,0.000000,0.000000,0.000000,0.000000,0.000000,0.000000,0.000000
1748920857.016814,86.670572,90.914765,90.000000,120.000000,120.000000,120.000000,120.000000,250.000000,250.000000,250.000000,250.000000
1748920857.047940,86.908324,90.801413,90.000000,120.000000,120.000000,120.000000,120.000000,250.000000,250.000000,250.000000,250.000000
1748920857.084586,86.800927,90.677476,90.000000,120.000000,120.000000,120.000000,120.000000,250.000000,250.000000,250.000000,250.000000
1748920857.123515,86.221671,90.557063,90.000000,120.000000,120.000000,120.000000,120.000000,250.000000,250.000000,250.000000,250.000000
1748920857.157734,87.112352,90.460757,90.000000,0.000000,0.000000,0.000000,0.000000,0.000000,0.000000,0.000000,0.000000
1748920857.188868,86.259179,90.381068,90.000000,0.000000,0.000000,0.000000,0.000000,0.000000,0.000000,0.000000,0.000000
1748920857.225302,85.372002,90.297257,90.000000,0.000000,0.000000,0.000000,0.000000,0.000000,0.000000,0.000000,0.000000
1748920857.248738,85.208944,90.248746,90.000000,120.000000,120.000000,120.000000,120.000000,250.000000,250.000000,250.000000,250.000000
1748920857.280357,85.636964,90.190178,90.000000,120.000000,120.000000,120.000000,120.000000,250.000000,250.000000,250.000000,250.000000
1748920857.316189,85.416032,90.133264,90.000000,120.000000,120.000000,120.000000,120.000000,250.000000,250.000000,250.000000,250.000000
1748920857.347525,84.906721,90.091731,90.000000,120.000000,120.000000,120.000000,120.000000,250.000000,250.000000,250.000000,250.000000
1748920857.377965,85.905968,90.058786,90.000000,0.000000,0.000000,0.000000,0.000000,0.000000,0.000000,0.000000,0.000000
1748920857.416428,86.040436,90.027575,90.000000,0.000000,0.000000,0.000000,0.000000,0.000000,0.000000,0.000000,0.000000
1748920857.448486,85.230588,90.010481,90.000000,0.000000,0.000000,0.000000,0.000000,0.000000,0.000000,0.000000,0.000000
1748920861.999834,131.295866,129.020258,90.000000,120.000000,120.000000,120.000000,120.000000,250.000000,250.000000,250.000000,250.000000
1748920862.021419,132.407956,129.102513,90.000000,120.000000,120.000000,120.000000,120.000000,250.000000,250.000000,250.000000,250.000000
1748920862.045794,132.371726,129.190999,90.000000,120.000000,120.000000,120.000000,120.000000,250.000000,250.000000,250.000000,250.000000
1748920862.073299,131.593840,129.285434,90.000000,120.000000,120.000000,120.000000,120.000000,250.000000,250.000000,250.000000,250.000000
1748920862.099526,128.614538,129.370125,90.000000,0.000000,0.000000,0.000000,0.000000,0.000000,0.000000,0.000000,0.000000
1748920862.125512,127.935867,129.448846,90.000000,0.000000,0.000000,0.000000,0.000000,0.000000,0.000000,0.000000,0.000000
1748920862.152923,127.465111,129.526264,90.000000,0.000000,0.000000,0.000000,0.000000,0.000000,0.000000,0.000000,0.000000
1748920862.184406,127.978446,129.608035,90.000000,120.000000,120.000000,120.000000,120.000000,250.000000,250.000000,250.000000,250.000000
1748920862.225637,127.902718,129.703506,90.000000,120.000000,120.000000,120.000000,120.000000,250.000000,250.000000,250.000000,250.000000
1748920862.272200,128.120830,129.795328,90.000000,120.000000,120.000000,120.000000,120.000000,250.000000,250.000000,250.000000,250.000000
1748920862.313602,128.557493,129.862910,90.000000,120.000000,120.000000,120.000000,120.000000,250.000000,250.000000,250.000000,250.000000
1748920862.360669,129.677318,129.923347,90.000000,0.000000,0.000000,0.000000,0.000000,0.000000,0.000000,0.000000,0.000000
1748920862.409771,130.476060,129.967839,90.000000,0.000000,0.000000,0.000000,0.000000,0.000000,0.000000,0.000000,0.000000
1748920862.438707,130.933786,129.985161,90.000000,0.000000,0.000000,0.000000,0.000000,0.000000,0.000000,0.000000,0.000000
1748920867.023653,89.122183,90.889345,90.000000,120.000000,120.000000,120.000000,120.000000,250.000000,250.000000,250.000000,250.000000
1748920867.055256,88.320643,90.775902,90.000000,120.000000,120.000000,120.000000,120.000000,250.000000,250.000000,250.000000,250.000000
1748920867.088187,88.189793,90.665881,90.000000,120.000000,120.000000,120.000000,120.000000,250.000000,250.000000,250.000000,250.000000
1748920867.124172,88.338830,90.555135,90.000000,120.000000,120.000000,120.000000,120.000000,250.000000,250.000000,250.000000,250.000000
1748920867.155315,87.311243,90.467271,90.000000,0.000000,0.000000,0.000000,0.000000,0.000000,0.000000,0.000000,0.000000
1748920867.188402,87.210467,90.382153,90.000000,0.000000,0.000000,0.000000,0.000000,0.000000,0.000000,0.000000,0.000000
1748920867.224077,86.751440,90.299860,90.000000,0.000000,0.000000,0.000000,0.000000,0.000000,0.000000,0.000000,0.000000
1748920867.257448,86.250679,90.231852,90.000000,120.000000,120.000000,120.000000,120.000000,250.000000,250.000000,250.000000,250.000000
1748920867.289679,85.845864,90.174416,90.000000,120.000000,120.000000,120.000000,120.000000,250.000000,250.000000,250.000000,250.000000
1748920867.325085,85.793913,90.120694,90.000000,120.000000,120.000000,120.000000,120.000000,250.000000,250.000000,250.000000,250.000000
1748920867.354961,85.864239,90.083015,90.000000,120.000000,120.000000,120.000000,120.000000,250.000000,250.000000,250.000000,250.000000
1748920867.387295,85.868078,90.050146,90.000000,0.000000,0.000000,0.000000,0.000000,0.000000,0.000000,0.000000,0.000000
1748920867.424158,85.603691,90.022724,90.000000,0.000000,0.000000,0.000000,0.000000,0.000000,0.000000,0.000000,0.000000
1748920867.456467,85.749968,90.007490,90.000000,0.000000,0.000000,0.000000,0.000000,0.000000,0.000000,0.000000,0.000000
1748920871.995741,117.429925,129.004207,90.000000,120.000000,120.000000,120.000000,120.000000,250.000000,250.000000,250.000000,250.000000
1748920872.031243,116.826552,129.138655,90.000000,120.000000,120.000000,120.000000,120.000000,250.000000,250.000000,250.000000,250.000000
1748920872.062005,116.350497,129.247320,90.000000,120.000000,120.000000,120.000000,120.000000,250.000000,250.000000,250.000000,250.000000
1748920872.093674,116.513838,129.351650,90.000000,120.000000,120.000000,120.000000,120.000000,250.000000,250.000000,250.000000,250.000000
1748920872.130525,117.798816,129.463409,90.000000,0.000000,0.000000,0.000000,0.000000,0.000000,0.000000,0.000000,0.000000
1748920872.162333,118.617625,129.551481,90.000000,0.000000,0.000000,0.000000,0.000000,0.000000,0.000000,0.000000,0.000000
1748920872.192970,118.808587,129.628908,90.000000,0.000000,0.000000,0.000000,0.000000,0.000000,0.000000,0.000000,0.000000
1748920872.229286,118.450180,129.711315,90.000000,120.000000,120.000000,120.000000,120.000000,250.000000,250.000000,250.000000,250.000000
1748920872.259546,118.622728,129.772117,90.000000,120.000000,120.000000,120.000000,120.000000,250.000000,250.000000,250.000000,250.000000
1748920872.292202,118.754452,129.829726,90.000000,120.000000,120.000000,120.000000,120.000000,250.000000,250.000000,250.000000,250.000000
1748920872.331029,119.808699,129.887353,90.000000,120.000000,120.000000,120.000000,120.000000,250.000000,250.000000,250.000000,250.000000
1748920872.365287,119.766576,129.928354,90.000000,0.000000,0.000000,0.000000,0.000000,0.000000,0.000000,0.000000,0.000000
1748920872.401184,119.762243,129.961430,90.000000,0.000000,0.000000,0.000000,0.000000,0.000000,0.000000,0.000000,0.000000
1748920872.431713,118.482072,129.981578,90.000000,0.000000,0.000000,0.000000,0.000000,0.000000,0.000000,0.000000,0.000000
1748920877.029136,98.724688,90.869175,90.000000,120.000000,120.000000,120.000000,120.000000,250.000000,250.000000,250.000000,250.000000
1748920877.060020,98.930441,90.759465,90.000000,120.000000,120.000000,120.000000,120.000000,250.000000,250.000000,250.000000,250.000000
1748920877.090458,98.627839,90.658585,90.000000,120.000000,120.000000,120.000000,120.000000,250.000000,250.000000,250.000000,250.000000
1748920877.132655,98.266340,90.530465,90.000000,120.000000,120.000000,120.000000,120.000000,250.000000,250.000000,250.000000,250.000000
1748920877.176176,98.270136,90.412769,90.000000,0.000000,0.000000,0.000000,0.000000,0.000000,0.000000,0.000000,0.000000
1748920877.213788,98.027058,90.322584,90.000000,0.000000,0.000000,0.000000,0.000000,0.000000,0.000000,0.000000,0.000000
1748920877.243489,98.461076,90.259265,90.000000,0.000000,0.000000,0.000000,0.000000,0.000000,0.000000,0.000000,0.000000
1748920877.268753,98.321422,90.210796,90.000000,120.000000,120.000000,120.000000,120.000000,250.000000,250.000000,250.000000,250.000000
1748920877.296485,98.004872,90.163331,90.000000,120.000000,120.000000,120.000000,120.000000,250.000000,250.000000,250.000000,250.000000
1748920877.322999,98.125925,90.123594,90.000000,120.000000,120.000000,120.000000,120.000000,250.000000,250.000000,250.000000,250.000000
1748920877.360138,98.280340,90.077203,90.000000,120.000000,120.000000,120.000000,120.000000,250.000000,250.000000,250.000000,250.000000
1748920877.390490,98.006955,90.047347,90.000000,0.000000,0.000000,0.000000,0.000000,0.000000,0.000000,0.000000,0.000000
1748920877.426281,97.542158,90.021477,90.000000,0.000000,0.000000,0.000000,0.000000,0.000000,0.000000,0.000000,0.000000
1748920877.457747,97.091920,90.007055,90.000000,0.000000,0.000000,0.000000,0.000000,0.000000,0.000000,0.000000,0.000000
1748920882.001735,133.906887,129.027537,90.000000,120.000000,120.000000,120.000000,120.000000,250.000000,250.000000,250.000000,250.000000
1748920882.027010,134.354129,129.123205,90.000000,120.000000,120.000000,120.000000,120.000000,250.000000,250.000000,250.000000,250.000000
1748920882.049142,133.678697,129.202791,90.000000,120.000000,120.000000,120.000000,120.000000,250.000000,250.000000,250.000000,250.000000
1748920882.081325,132.954381,129.311909,90.000000,120.000000,120.000000,120.000000,120.000000,250.000000,250.000000,250.000000,250.000000
1748920882.114905,133.448036,129.417326,90.000000,0.000000,0.000000,0.000000,0.000000,0.000000,0.000000,0.000000,0.000000
1748920882.149949,133.323353,129.518148,90.000000,0.000000,0.000000,0.000000,0.000000,0.000000,0.000000,0.000000,0.000000
1748920882.182122,132.936435,129.602368,90.000000,0.000000,0.000000,0.000000,0.000000,0.000000,0.000000,0.000000,0.000000
1748920882.219728,133.276091,129.690650,90.000000,120.000000,120.000000,120.000000,120.000000,250.000000,250.000000,250.000000,250.000000
1748920882.253042,132.970944,129.759679,90.000000,120.000000,120.000000,120.000000,120.000000,250.000000,250.000000,250.000000,250.000000
1748920882.278897,132.562077,129.807265,90.000000,120.000000,120.000000,120.000000,120.000000,250.000000,250.000000,250.000000,250.000000
1748920882.316291,132.985963,129.866892,90.000000,120.000000,120.000000,120.000000,120.000000,250.000000,250.000000,250.000000,250.000000
1748920882.352182,133.446263,129.913779,90.000000,0.000000,0.000000,0.000000,0.000000,0.000000,0.000000,0.000000,0.000000
1748920882.406953,132.929549,129.965799,90.000000,0.000000,0.000000,0.000000,0.000000,0.000000,0.000000,0.000000,0.000000
1748920882.444643,131.591730,129.987890,90.000000,0.000000,0.000000,0.000000,0.000000,0.000000,0.000000,0.000000,0.000000
